standard_name,raw_names,logo_url,group_name,tvg_id,tvg_chno,tvg_shift,catchup,catchup_days,catchup_source,resolution
CCTV-1 综合,239.21.1.120:5002,https://raw.githubusercontent.com/sumingyd/IPTV-Scanner-Editor-Pro/main/logo/CCTV/CCTV1.png,央视频道,20000113,1,0,vod,7,rtsp://150.138.8.132/PLTV/88888888/224/3221226103/10000100000000060000000002902003_0.smil?playseek=${(b)yyyyMMddHHmmss}-${(e)yyyyMMddHHmmss},
CCTV-1 综合,239.21.1.1:5002,https://raw.githubusercontent.com/sumingyd/IPTV-Scanner-Editor-Pro/main/logo/CCTV/CCTV1.png,央视频道,20000098,301,0,default,7,rtsp://150.138.8.132/PLTV/88888888/224/3221225997/10000100000000060000000002706806_0.smil?playseek=${(b)yyyyMMddHHmmss}-${(e)yyyyMMddHHmmss},
CCTV-2 财经,239.21.1.151:5002,https://raw.githubusercontent.com/sumingyd/IPTV-Scanner-Editor-Pro/main/logo/CCTV/CCTV2.png,央视频道,20000152,7,0,default,7,rtsp://150.138.8.132/PLTV/88888888/224/3221226173/10000100000000060000000003110715_0.smil?playseek=${(b)yyyyMMddHHmmss}-${(e)yyyyMMddHHmmss},
CCTV-3 综艺,239.21.2.45:5002,https://raw.githubusercontent.com/sumingyd/IPTV-Scanner-Editor-Pro/main/logo/CCTV/CCTV3.png,央视频道,410248918,8,0,default,7,rtsp://150.138.8.132/PLTV/88888888/224/3221227134/415322505.smil?playseek=${(b)yyyyMMddHHmmss}-${(e)yyyyMMddHHmmss},
CCTV-4 中文,239.21.1.154:5002,https://raw.githubusercontent.com/sumingyd/IPTV-Scanner-Editor-Pro/main/logo/CCTV/CCTV4.png,央视频道,20000150,9,0,default,7,rtsp://150.138.8.132/PLTV/88888888/224/3221226179/10000100000000060000000003110724_0.smil?playseek=${(b)yyyyMMddHHmmss}-${(e)yyyyMMddHHmmss},
CCTV-4 欧洲,239.21.2.28:5002,https://raw.githubusercontent.com/sumingyd/IPTV-Scanner-Editor-Pro/main/logo/CCTV/CCTV4欧洲.png,国际频道,409210221,80,0,default,7,rtsp://150.138.8.132/PLTV/88888888/224/3221227070/409210222.smil?playseek=${(b)yyyyMMddHHmmss}-${(e)yyyyMMddHHmmss},
CCTV-4 美洲,239.21.2.29:5002,https://raw.githubusercontent.com/sumingyd/IPTV-Scanner-Editor-Pro/main/logo/CCTV/CCTV4美洲.png,国际频道,409210217,81,0,default,7,rtsp://150.138.8.132/PLTV/88888888/224/3221227105/409210218.smil?playseek=${(b)yyyyMMddHHmmss}-${(e)yyyyMMddHHmmss},
CCTV-5 体育,239.21.2.46:5002,https://raw.githubusercontent.com/sumingyd/IPTV-Scanner-Editor-Pro/main/logo/CCTV/CCTV5.png,央视频道,410248922,10,0,default,7,rtsp://150.138.8.132/PLTV/88888888/224/3221227138/415322482.smil?playseek=${(b)yyyyMMddHHmmss}-${(e)yyyyMMddHHmmss},
CCTV-5+ 体育赛事,239.21.1.142:5002,https://raw.githubusercontent.com/sumingyd/IPTV-Scanner-Editor-Pro/main/logo/CCTV/CCTV5+.png,央视频道,20000139,11,0,default,7,rtsp://150.138.8.132/PLTV/88888888/224/3221226143/10000100000000060000000003071273_0.smil?playseek=${(b)yyyyMMddHHmmss}-${(e)yyyyMMddHHmmss},
CCTV-6 电影,239.21.2.47:5002,https://raw.githubusercontent.com/sumingyd/IPTV-Scanner-Editor-Pro/main/logo/CCTV/CCTV6.png,央视频道,432747446,12,0,default,7,rtsp://150.138.8.132/PLTV/88888888/224/3221227213/432747447.smil?playseek=${(b)yyyyMMddHHmmss}-${(e)yyyyMMddHHmmss},
CCTV-7 国防军事,239.21.1.152:5002,https://raw.githubusercontent.com/sumingyd/IPTV-Scanner-Editor-Pro/main/logo/CCTV/CCTV7.png,央视频道,20000153,13,0,default,7,rtsp://150.138.8.132/PLTV/88888888/224/3221226175/10000100000000060000000003110716_0.smil?playseek=${(b)yyyyMMddHHmmss}-${(e)yyyyMMddHHmmss},
CCTV-8 电视剧,239.21.2.48:5002,https://raw.githubusercontent.com/sumingyd/IPTV-Scanner-Editor-Pro/main/logo/CCTV/CCTV8.png,央视频道,410248914,14,0,default,7,rtsp://150.138.8.132/PLTV/88888888/224/3221227031/410248915.smil?playseek=${(b)yyyyMMddHHmmss}-${(e)yyyyMMddHHmmss},
CCTV-9 纪录,239.21.1.153:5002,https://raw.githubusercontent.com/sumingyd/IPTV-Scanner-Editor-Pro/main/logo/CCTV/CCTV9.png,央视频道,20000147,15,0,default,7,rtsp://150.138.8.132/PLTV/88888888/224/3221226177/10000100000000060000000003110720_0.smil?playseek=${(b)yyyyMMddHHmmss}-${(e)yyyyMMddHHmmss},
CCTV-10 科教,239.21.1.155:5002,https://raw.githubusercontent.com/sumingyd/IPTV-Scanner-Editor-Pro/main/logo/CCTV/CCTV10.png,央视频道,20000154,16,0,default,7,rtsp://150.138.8.132/PLTV/88888888/224/3221226181/10000100000000060000000003110727_0.smil?playseek=${(b)yyyyMMddHHmmss}-${(e)yyyyMMddHHmmss},
CCTV-11 戏曲,239.21.2.2:5002,https://raw.githubusercontent.com/sumingyd/IPTV-Scanner-Editor-Pro/main/logo/CCTV/CCTV11.png,央视频道,395256094,17,0,default,7,rtsp://150.138.8.132/PLTV/88888888/224/3221226826/395256095.smil?playseek=${(b)yyyyMMddHHmmss}-${(e)yyyyMMddHHmmss},
CCTV-12 社会与法,239.21.1.156:5002,https://raw.githubusercontent.com/sumingyd/IPTV-Scanner-Editor-Pro/main/logo/CCTV/CCTV12.png,央视频道,20000155,18,0,default,7,rtsp://150.138.8.132/PLTV/88888888/224/3221226183/10000100000000060000000003110728_0.smil?playseek=${(b)yyyyMMddHHmmss}-${(e)yyyyMMddHHmmss},
CCTV-13 新闻,239.21.2.3:5002,https://raw.githubusercontent.com/sumingyd/IPTV-Scanner-Editor-Pro/main/logo/CCTV/CCTV13.png,央视频道,395256390,19,0,default,7,rtsp://150.138.8.132/PLTV/88888888/224/3221226767/395256391.smil?playseek=${(b)yyyyMMddHHmmss}-${(e)yyyyMMddHHmmss},
CCTV-14 少儿,239.21.1.157:5002,https://raw.githubusercontent.com/sumingyd/IPTV-Scanner-Editor-Pro/main/logo/CCTV/CCTV14.png,央视频道,20000156,20,0,default,7,rtsp://150.138.8.132/PLTV/88888888/224/3221226185/10000100000000060000000003110729_0.smil?playseek=${(b)yyyyMMddHHmmss}-${(e)yyyyMMddHHmmss},
CCTV-15 音乐,239.21.2.4:5002,https://raw.githubusercontent.com/sumingyd/IPTV-Scanner-Editor-Pro/main/logo/CCTV/CCTV15.png,央视频道,395256222,21,0,default,7,rtsp://150.138.8.132/PLTV/88888888/224/3221226736/395256223.smil?playseek=${(b)yyyyMMddHHmmss}-${(e)yyyyMMddHHmmss},
CCTV-17 农业农村,239.21.1.186:5002,https://raw.githubusercontent.com/sumingyd/IPTV-Scanner-Editor-Pro/main/logo/CCTV/CCTV17.png,央视频道,20000183,22,0,default,7,rtsp://150.138.8.132/PLTV/88888888/224/3221226366/10000100000000060000000003766311_0.smil?playseek=${(b)yyyyMMddHHmmss}-${(e)yyyyMMddHHmmss},
中学生,239.21.2.176:5002,https://raw.githubusercontent.com/sumingyd/IPTV-Scanner-Editor-Pro/main/logo/CCTV/中央新影中学生.png,央视频道,,92,0,default,7,rtsp://150.138.8.132/PLTV/88888888/224/3221227434/523619250.smil?playseek=${(b)yyyyMMddHHmmss}-${(e)yyyyMMddHHmmss},
东南卫视,239.21.1.113:5002,https://raw.githubusercontent.com/sumingyd/IPTV-Scanner-Editor-Pro/main/logo/福建/东南卫视2.png,卫视频道,20000114,41,0,default,7,rtsp://150.138.8.132/PLTV/88888888/224/3221226154/10000100000000060000000002885447_0.smil?playseek=${(b)yyyyMMddHHmmss}-${(e)yyyyMMddHHmmss},
东方卫视,239.21.1.111:5002,https://raw.githubusercontent.com/sumingyd/IPTV-Scanner-Editor-Pro/main/logo/上海/东方卫视1.png,卫视频道,20000108,34,0,default,7,rtsp://150.138.8.132/PLTV/88888888/224/3221226150/10000100000000060000000002807413_0.smil?playseek=${(b)yyyyMMddHHmmss}-${(e)yyyyMMddHHmmss},
云南卫视,239.21.2.86:5002,https://raw.githubusercontent.com/sumingyd/IPTV-Scanner-Editor-Pro/main/logo/云南/云南卫视3.png,卫视频道,438782320,55,0,default,7,rtsp://150.138.8.132/PLTV/88888888/224/3221227210/438782321.smil?playseek=${(b)yyyyMMddHHmmss}-${(e)yyyyMMddHHmmss},
兵团卫视,239.21.2.188:5002,https://raw.githubusercontent.com/sumingyd/IPTV-Scanner-Editor-Pro/main/logo/新疆/兵团卫视2.png,卫视频道,527989414,69,0,default,7,rtsp://150.138.8.132/PLTV/88888888/224/3221227339/527989415.smil?playseek=${(b)yyyyMMddHHmmss}-${(e)yyyyMMddHHmmss},
北京卫视,239.21.1.88:5002,https://raw.githubusercontent.com/sumingyd/IPTV-Scanner-Editor-Pro/main/logo/北京/北京卫视.png,卫视频道,20000062,36,0,default,7,rtsp://150.138.8.132/PLTV/88888888/224/3221226061/10000100000000060000000002709089_0.smil?playseek=${(b)yyyyMMddHHmmss}-${(e)yyyyMMddHHmmss},
吉林卫视,239.21.2.49:5002,https://raw.githubusercontent.com/sumingyd/IPTV-Scanner-Editor-Pro/main/logo/吉林/吉林卫视3.png,卫视频道,411800544,54,0,default,7,rtsp://150.138.8.132/PLTV/88888888/224/3221227161/411800545.smil?playseek=${(b)yyyyMMddHHmmss}-${(e)yyyyMMddHHmmss},
四川卫视,239.21.2.15:5002,https://raw.githubusercontent.com/sumingyd/IPTV-Scanner-Editor-Pro/main/logo/四川/四川卫视3.png,卫视频道,397438338,50,0,default,7,rtsp://150.138.8.132/PLTV/88888888/224/3221226842/397438339.smil?playseek=${(b)yyyyMMddHHmmss}-${(e)yyyyMMddHHmmss},
天津卫视,239.21.1.165:5002,https://raw.githubusercontent.com/sumingyd/IPTV-Scanner-Editor-Pro/main/logo/天津/天津卫视3.png,卫视频道,20000166,38,0,default,7,rtsp://150.138.8.132/PLTV/88888888/224/3221226211/10000100000000060000000003301168_0.smil?playseek=${(b)yyyyMMddHHmmss}-${(e)yyyyMMddHHmmss},
宁夏卫视,239.21.2.189:5002,https://raw.githubusercontent.com/sumingyd/IPTV-Scanner-Editor-Pro/main/logo/宁夏/宁夏卫视2.png,卫视频道,527989426,58,0,default,7,rtsp://150.138.8.132/PLTV/88888888/224/3221227450/527989427.smil?playseek=${(b)yyyyMMddHHmmss}-${(e)yyyyMMddHHmmss},
安徽卫视,239.21.1.159:5002,https://raw.githubusercontent.com/sumingyd/IPTV-Scanner-Editor-Pro/main/logo/安徽/安徽卫视2.png,卫视频道,20000157,37,0,default,7,rtsp://150.138.8.132/PLTV/88888888/224/3221226189/10000100000000060000000003110731_0.smil?playseek=${(b)yyyyMMddHHmmss}-${(e)yyyyMMddHHmmss},
山东卫视,239.21.1.87:5002,https://raw.githubusercontent.com/sumingyd/IPTV-Scanner-Editor-Pro/main/logo/山东/山东卫视3.png,卫视频道,20000068,2,0,default,7,rtsp://150.138.8.132/PLTV/88888888/224/3221226059/10000100000000060000000002709088_0.smil?playseek=${(b)yyyyMMddHHmmss}-${(e)yyyyMMddHHmmss},
广东卫视,239.21.1.92:5002,https://raw.githubusercontent.com/sumingyd/IPTV-Scanner-Editor-Pro/main/logo/广东/广东卫视2.png,卫视频道,20000080,43,0,default,7,rtsp://150.138.8.132/PLTV/88888888/224/3221226067/10000100000000060000000002709095_0.smil?playseek=${(b)yyyyMMddHHmmss}-${(e)yyyyMMddHHmmss},
广西卫视,239.21.2.87:5002,https://raw.githubusercontent.com/sumingyd/IPTV-Scanner-Editor-Pro/main/logo/广西/广西卫视2.png,卫视频道,438782488,53,0,default,7,rtsp://150.138.8.132/PLTV/88888888/224/3221227214/438782489.smil?playseek=${(b)yyyyMMddHHmmss}-${(e)yyyyMMddHHmmss},
新疆卫视,239.21.2.187:5002,https://raw.githubusercontent.com/sumingyd/IPTV-Scanner-Editor-Pro/main/logo/新疆/新疆卫视2.png,卫视频道,527989402,59,0,default,7,rtsp://150.138.8.132/PLTV/88888888/224/3221227461/527989403.smil?playseek=${(b)yyyyMMddHHmmss}-${(e)yyyyMMddHHmmss},
江苏卫视,239.21.1.89:5002,https://raw.githubusercontent.com/sumingyd/IPTV-Scanner-Editor-Pro/main/logo/江苏/江苏卫视3.png,卫视频道,20000021,35,0,default,7,rtsp://150.138.8.132/PLTV/88888888/224/3221226063/10000100000000060000000002709090_0.smil?playseek=${(b)yyyyMMddHHmmss}-${(e)yyyyMMddHHmmss},
江西卫视,239.21.1.167:5002,https://raw.githubusercontent.com/sumingyd/IPTV-Scanner-Editor-Pro/main/logo/江西/江西卫视2.png,卫视频道,20000168,47,0,default,7,rtsp://150.138.8.132/PLTV/88888888/224/3221226215/10000100000000060000000003301175_0.smil?playseek=${(b)yyyyMMddHHmmss}-${(e)yyyyMMddHHmmss},
河北卫视,239.21.1.168:5002,https://raw.githubusercontent.com/sumingyd/IPTV-Scanner-Editor-Pro/main/logo/河北/河北卫视3.png,卫视频道,20000163,48,0,default,7,rtsp://150.138.8.132/PLTV/88888888/224/3221226217/10000100000000060000000003301180_0.smil?playseek=${(b)yyyyMMddHHmmss}-${(e)yyyyMMddHHmmss},
河南卫视,239.21.2.37:5002,https://raw.githubusercontent.com/sumingyd/IPTV-Scanner-Editor-Pro/main/logo/河南/河南卫视3.png,卫视频道,410142844,52,0,default,7,rtsp://150.138.8.132/PLTV/88888888/224/3221227129/410142845.smil?playseek=${(b)yyyyMMddHHmmss}-${(e)yyyyMMddHHmmss},
浙江卫视,239.21.1.90:5002,https://raw.githubusercontent.com/sumingyd/IPTV-Scanner-Editor-Pro/main/logo/浙江/浙江卫视2.png,卫视频道,20000042,33,0,default,7,rtsp://150.138.8.132/PLTV/88888888/224/3221226090/10000100000000060000000002709093_0.smil?playseek=${(b)yyyyMMddHHmmss}-${(e)yyyyMMddHHmmss},
海南卫视,239.21.2.14:5002,https://raw.githubusercontent.com/sumingyd/IPTV-Scanner-Editor-Pro/main/logo/海南/海南卫视3.png,卫视频道,397438343,49,0,default,7,rtsp://150.138.8.132/PLTV/88888888/224/3221226845/397438344.smil?playseek=${(b)yyyyMMddHHmmss}-${(e)yyyyMMddHHmmss},
深圳卫视,239.21.1.93:5002,https://raw.githubusercontent.com/sumingyd/IPTV-Scanner-Editor-Pro/main/logo/广东/深圳卫视2.png,卫视频道,20000033,40,0,default,7,rtsp://150.138.8.132/PLTV/88888888/224/3221226088/10000100000000060000000002709106_0.smil?playseek=${(b)yyyyMMddHHmmss}-${(e)yyyyMMddHHmmss},
湖北卫视,239.21.1.163:5002,https://raw.githubusercontent.com/sumingyd/IPTV-Scanner-Editor-Pro/main/logo/湖北/湖北卫视2.png,卫视频道,20000161,42,0,default,7,rtsp://150.138.8.132/PLTV/88888888/224/3221226207/10000100000000060000000003301162_0.smil?playseek=${(b)yyyyMMddHHmmss}-${(e)yyyyMMddHHmmss},
湖南卫视,239.21.1.158:5002,https://raw.githubusercontent.com/sumingyd/IPTV-Scanner-Editor-Pro/main/logo/湖南/湖南卫视1.png,卫视频道,20000151,32,0,default,7,rtsp://150.138.8.132/PLTV/88888888/224/3221226187/10000100000000060000000003110730_0.smil?playseek=${(b)yyyyMMddHHmmss}-${(e)yyyyMMddHHmmss},
甘肃卫视,239.21.2.22:5002,https://raw.githubusercontent.com/sumingyd/IPTV-Scanner-Editor-Pro/main/logo/甘肃/甘肃卫视2.png,卫视频道,402020796,60,0,default,7,rtsp://150.138.8.132/PLTV/88888888/224/3221226832/402020797.smil?playseek=${(b)yyyyMMddHHmmss}-${(e)yyyyMMddHHmmss},
西藏卫视,239.21.2.186:5002,https://raw.githubusercontent.com/sumingyd/IPTV-Scanner-Editor-Pro/main/logo/西藏/西藏卫视2.png,卫视频道,527989390,62,0,default,7,rtsp://150.138.8.132/PLTV/88888888/224/3221227457/527989391.smil?playseek=${(b)yyyyMMddHHmmss}-${(e)yyyyMMddHHmmss},
贵州卫视,239.21.1.166:5002,https://raw.githubusercontent.com/sumingyd/IPTV-Scanner-Editor-Pro/main/logo/贵州/贵州卫视3.png,卫视频道,20000167,46,0,default,7,rtsp://150.138.8.132/PLTV/88888888/224/3221226213/10000100000000060000000003301172_0.smil?playseek=${(b)yyyyMMddHHmmss}-${(e)yyyyMMddHHmmss},
辽宁卫视,239.21.1.164:5002,https://raw.githubusercontent.com/sumingyd/IPTV-Scanner-Editor-Pro/main/logo/辽宁/辽宁卫视2.png,卫视频道,20000162,39,0,default,7,rtsp://150.138.8.132/PLTV/88888888/224/3221226209/10000100000000060000000003301163_0.smil?playseek=${(b)yyyyMMddHHmmss}-${(e)yyyyMMddHHmmss},
重庆卫视,239.21.1.233:5002,https://raw.githubusercontent.com/sumingyd/IPTV-Scanner-Editor-Pro/main/logo/重庆/重庆卫视3.png,卫视频道,381520799,45,0,default,7,rtsp://150.138.8.132/PLTV/88888888/224/3221226671/10000100000000060000000004141140_0.smil?playseek=${(b)yyyyMMddHHmmss}-${(e)yyyyMMddHHmmss},
青海卫视,239.21.2.51:5002,https://raw.githubusercontent.com/sumingyd/IPTV-Scanner-Editor-Pro/main/logo/青海/青海卫视2.png,卫视频道,,,,none,0,,
青海卫视,239.21.2.85:5002,https://raw.githubusercontent.com/sumingyd/IPTV-Scanner-Editor-Pro/main/logo/青海/青海卫视2.png,卫视频道,438782476,61,0,default,7,rtsp://150.138.8.132/PLTV/88888888/224/3221227104/438782477.smil?playseek=${(b)yyyyMMddHHmmss}-${(e)yyyyMMddHHmmss},
黑龙江卫视,239.21.1.91:5002,https://raw.githubusercontent.com/sumingyd/IPTV-Scanner-Editor-Pro/main/logo/黑龙江/黑龙江卫视1.png,卫视频道,20000063,44,0,default,7,rtsp://150.138.8.132/PLTV/88888888/224/3221226065/10000100000000060000000002709094_0.smil?playseek=${(b)yyyyMMddHHmmss}-${(e)yyyyMMddHHmmss},
三沙卫视,239.21.2.9:5002,https://raw.githubusercontent.com/sumingyd/IPTV-Scanner-Editor-Pro/main/logo/海南/三沙卫视3.png,卫视频道,395256445,72,0,default,7,rtsp://150.138.8.132/PLTV/88888888/224/3221226775/395256446.smil?playseek=${(b)yyyyMMddHHmmss}-${(e)yyyyMMddHHmmss},
兵团卫视,239.21.1.234:5002,https://raw.githubusercontent.com/sumingyd/IPTV-Scanner-Editor-Pro/main/logo/新疆/兵团卫视2.png,卫视频道,,,,none,0,,
内蒙古卫视,239.21.1.41:5002,https://raw.githubusercontent.com/sumingyd/IPTV-Scanner-Editor-Pro/main/logo/内蒙古/内蒙古卫视2.png,卫视频道,20000087,57,0,default,7,rtsp://150.138.8.132/PLTV/88888888/224/3221226034/10000100000000060000000002706931_0.smil?playseek=${(b)yyyyMMddHHmmss}-${(e)yyyyMMddHHmmss},
农林卫视,239.21.1.235:5002,https://raw.githubusercontent.com/sumingyd/IPTV-Scanner-Editor-Pro/main/logo/陕西/农林卫视2.png,卫视频道,381525206,70,0,default,7,rtsp://150.138.8.132/PLTV/88888888/224/3221226697/10000100000000060000000004141149_0.smil?playseek=${(b)yyyyMMddHHmmss}-${(e)yyyyMMddHHmmss},
厦门卫视,239.21.2.6:5002,https://raw.githubusercontent.com/sumingyd/IPTV-Scanner-Editor-Pro/main/logo/福建/厦门卫视3.png,卫视频道,395256451,74,0,default,7,rtsp://150.138.8.132/PLTV/88888888/224/3221226771/395256452.smil?playseek=${(b)yyyyMMddHHmmss}-${(e)yyyyMMddHHmmss},
宁夏卫视,239.21.1.44:5002,https://raw.githubusercontent.com/sumingyd/IPTV-Scanner-Editor-Pro/main/logo/宁夏/宁夏卫视2.png,卫视频道,,,,none,0,,
山西卫视,239.21.1.33:5002,https://raw.githubusercontent.com/sumingyd/IPTV-Scanner-Editor-Pro/main/logo/山西/山西卫视3.png,卫视频道,20000027,51,0,default,7,rtsp://150.138.8.132/PLTV/88888888/224/3221226015/10000100000000060000000002706922_0.smil?playseek=${(b)yyyyMMddHHmmss}-${(e)yyyyMMddHHmmss},
延边卫视,239.21.2.137:5002,https://raw.githubusercontent.com/sumingyd/IPTV-Scanner-Editor-Pro/main/logo/吉林/延边卫视.png,卫视频道,469553262,91,0,default,7,rtsp://150.138.8.132/PLTV/88888888/224/3221227334/469553263.smil?playseek=${(b)yyyyMMddHHmmss}-${(e)yyyyMMddHHmmss},
新疆卫视,239.21.1.45:5002,https://raw.githubusercontent.com/sumingyd/IPTV-Scanner-Editor-Pro/main/logo/新疆/新疆卫视2.png,卫视频道,,,,none,0,,
西藏卫视,239.21.1.46:5002,https://raw.githubusercontent.com/sumingyd/IPTV-Scanner-Editor-Pro/main/logo/西藏/西藏卫视2.png,卫视频道,,,,none,0,,
陕西卫视,239.21.1.30:5002,https://raw.githubusercontent.com/sumingyd/IPTV-Scanner-Editor-Pro/main/logo/陕西/陕西卫视3.png,卫视频道,20000044,56,0,default,7,rtsp://150.138.8.132/PLTV/88888888/224/3221226018/10000100000000060000000002706915_0.smil?playseek=${(b)yyyyMMddHHmmss}-${(e)yyyyMMddHHmmss},
CGTN,239.21.1.10:5002,https://raw.githubusercontent.com/sumingyd/IPTV-Scanner-Editor-Pro/main/logo/CGTN/CGTN.png,国际频道,20000057,87,0,default,7,rtsp://150.138.8.132/PLTV/88888888/224/3221226112/10000100000000060000000002713888_0.smil?playseek=${(b)yyyyMMddHHmmss}-${(e)yyyyMMddHHmmss},
CGTN英语,239.21.2.30:5002,https://raw.githubusercontent.com/sumingyd/IPTV-Scanner-Editor-Pro/main/logo/CGTN/CGTN.png,国际频道,409209236,79,0,default,7,rtsp://150.138.8.132/PLTV/88888888/224/3221226976/409209237.smil?playseek=${(b)yyyyMMddHHmmss}-${(e)yyyyMMddHHmmss},
CGTN俄语,239.21.2.35:5002,https://raw.githubusercontent.com/sumingyd/IPTV-Scanner-Editor-Pro/main/logo/CGTN/CGTN俄语.png,国际频道,409209240,86,0,default,7,rtsp://150.138.8.132/PLTV/88888888/224/3221227113/409209241.smil?playseek=${(b)yyyyMMddHHmmss}-${(e)yyyyMMddHHmmss},
CGTN法语,239.21.2.33:5002,https://raw.githubusercontent.com/sumingyd/IPTV-Scanner-Editor-Pro/main/logo/CGTN/CGTN法语.png,国际频道,409210236,84,0,default,7,rtsp://150.138.8.132/PLTV/88888888/224/3221227074/409210237.smil?playseek=${(b)yyyyMMddHHmmss}-${(e)yyyyMMddHHmmss},
CGTN英文纪录,239.21.2.31:5002,https://raw.githubusercontent.com/sumingyd/IPTV-Scanner-Editor-Pro/main/logo/CGTN/CGTN纪录.png,国际频道,409210230,82,0,default,7,rtsp://150.138.8.132/PLTV/88888888/224/3221226991/409210231.smil?playseek=${(b)yyyyMMddHHmmss}-${(e)yyyyMMddHHmmss},
CGTN西班牙语,239.21.2.32:5002,https://raw.githubusercontent.com/sumingyd/IPTV-Scanner-Editor-Pro/main/logo/CGTN/CGTN西语.png,国际频道,409210241,83,0,default,7,rtsp://150.138.8.132/PLTV/88888888/224/3221226980/409210242.smil?playseek=${(b)yyyyMMddHHmmss}-${(e)yyyyMMddHHmmss},
CGTN阿拉伯语,239.21.2.34:5002,https://raw.githubusercontent.com/sumingyd/IPTV-Scanner-Editor-Pro/main/logo/CGTN/CGTN阿语.png,国际频道,409210245,85,0,default,7,rtsp://150.138.8.132/PLTV/88888888/224/3221227109/409210246.smil?playseek=${(b)yyyyMMddHHmmss}-${(e)yyyyMMddHHmmss},
CCTV-4K 超高清,239.21.2.152:5002,https://raw.githubusercontent.com/sumingyd/IPTV-Scanner-Editor-Pro/main/logo/CCTV/CCTV4K.png,4K频道,494657501,78,0,default,7,rtsp://150.138.8.132/PLTV/88888888/224/3221227239/494657502.smil?playseek=${(b)yyyyMMddHHmmss}-${(e)yyyyMMddHHmmss},
东方卫视-4K,239.21.2.184:5002,https://raw.githubusercontent.com/sumingyd/IPTV-Scanner-Editor-Pro/main/logo/上海/东方卫视4K.png,4K频道,527738510,96,0,default,7,rtsp://150.138.8.132/PLTV/88888888/224/3221227331/527738511.smil?playseek=${(b)yyyyMMddHHmmss}-${(e)yyyyMMddHHmmss},
北京卫视-4K,239.21.2.172:5002,https://raw.githubusercontent.com/sumingyd/IPTV-Scanner-Editor-Pro/main/logo/北京/北京卫视4K.png,4K频道,518924347,100,0,default,7,rtsp://150.138.8.132/PLTV/88888888/224/3221227299/518924348.smil?playseek=${(b)yyyyMMddHHmmss}-${(e)yyyyMMddHHmmss},
四川卫视-4K,239.21.2.185:5002,https://raw.githubusercontent.com/sumingyd/IPTV-Scanner-Editor-Pro/main/logo/四川/四川卫视4K.png,4K频道,527738521,97,0,default,7,rtsp://150.138.8.132/PLTV/88888888/224/3221227335/527738522.smil?playseek=${(b)yyyyMMddHHmmss}-${(e)yyyyMMddHHmmss},
山东卫视-4K,239.21.2.179:5002,https://raw.githubusercontent.com/sumingyd/IPTV-Scanner-Editor-Pro/main/logo/山东/山东卫视4K.png,4K频道,527218191,67,0,default,7,rtsp://150.138.8.132/PLTV/88888888/224/3221227442/527218192.smil?playseek=${(b)yyyyMMddHHmmss}-${(e)yyyyMMddHHmmss},
山东卫视-4K,239.21.2.157:5002,https://raw.githubusercontent.com/sumingyd/IPTV-Scanner-Editor-Pro/main/logo/山东/山东卫视4K.png,4K频道,,,,none,0,,
广东卫视-4K,239.21.2.173:5002,https://raw.githubusercontent.com/sumingyd/IPTV-Scanner-Editor-Pro/main/logo/广东/广东卫视4K.png,4K频道,521682523,98,0,default,7,rtsp://150.138.8.132/PLTV/88888888/224/3221227437/521682524.smil?playseek=${(b)yyyyMMddHHmmss}-${(e)yyyyMMddHHmmss},
江苏卫视-4K,239.21.2.183:5002,https://raw.githubusercontent.com/sumingyd/IPTV-Scanner-Editor-Pro/main/logo/江苏/江苏卫视4K.png,4K频道,527738561,95,0,default,7,rtsp://150.138.8.132/PLTV/88888888/224/3221227446/527738562.smil?playseek=${(b)yyyyMMddHHmmss}-${(e)yyyyMMddHHmmss},
浙江卫视-4K,239.21.2.182:5002,https://raw.githubusercontent.com/sumingyd/IPTV-Scanner-Editor-Pro/main/logo/浙江/浙江卫视4K.png,4K频道,527738499,94,0,default,7,rtsp://150.138.8.132/PLTV/88888888/224/3221227453/527738500.smil?playseek=${(b)yyyyMMddHHmmss}-${(e)yyyyMMddHHmmss},
深圳卫视-4K,239.21.2.174:5002,https://raw.githubusercontent.com/sumingyd/IPTV-Scanner-Editor-Pro/main/logo/广东/深圳卫视4K.png,4K频道,521682570,99,0,default,7,rtsp://150.138.8.132/PLTV/88888888/224/3221227307/521682571.smil?playseek=${(b)yyyyMMddHHmmss}-${(e)yyyyMMddHHmmss},
深圳卫视-4K,239.21.2.158:5002,https://raw.githubusercontent.com/sumingyd/IPTV-Scanner-Editor-Pro/main/logo/广东/深圳卫视4K.png,4K频道,,,,none,0,,
湖南卫视-4K,239.21.2.181:5002,https://raw.githubusercontent.com/sumingyd/IPTV-Scanner-Editor-Pro/main/logo/湖南/湖南卫视4K.png,4K频道,527738295,93,0,default,7,rtsp://150.138.8.132/PLTV/88888888/224/3221227316/527738296.smil?playseek=${(b)yyyyMMddHHmmss}-${(e)yyyyMMddHHmmss},
中国教育-1,239.21.2.7:5002,https://raw.githubusercontent.com/sumingyd/IPTV-Scanner-Editor-Pro/main/logo/CETV/CETV1.png,特色频道,395256463,75,0,default,7,rtsp://150.138.8.132/PLTV/88888888/224/3221226744/395256464.smil?playseek=${(b)yyyyMMddHHmmss}-${(e)yyyyMMddHHmmss},
中国教育-2,239.21.2.8:5002,https://raw.githubusercontent.com/sumingyd/IPTV-Scanner-Editor-Pro/main/logo/CETV/CETV2.png,特色频道,395256486,76,0,default,7,rtsp://150.138.8.132/PLTV/88888888/224/3221226834/395256487.smil?playseek=${(b)yyyyMMddHHmmss}-${(e)yyyyMMddHHmmss},
中国教育-4,239.21.2.129:5002,https://raw.githubusercontent.com/sumingyd/IPTV-Scanner-Editor-Pro/main/logo/CETV/CETV4.png,特色频道,456916031,77,0,default,7,rtsp://150.138.8.132/PLTV/88888888/224/3221227187/456916096.smil?playseek=${(b)yyyyMMddHHmmss}-${(e)yyyyMMddHHmmss},
CHC动作电影,239.21.2.128:5002,https://raw.githubusercontent.com/sumingyd/IPTV-Scanner-Editor-Pro/main/logo/北京/CHC动作电影.png,特色频道,454656909,143,0,default,7,rtsp://150.138.8.132/PLTV/88888888/224/3221227184/454656910.smil?playseek=${(b)yyyyMMddHHmmss}-${(e)yyyyMMddHHmmss},
CHC家庭影院,239.21.2.126:5002,https://raw.githubusercontent.com/sumingyd/IPTV-Scanner-Editor-Pro/main/logo/北京/CHC家庭电影.png,特色频道,454656890,141,0,default,7,rtsp://150.138.8.132/PLTV/88888888/224/3221227188/454656891.smil?playseek=${(b)yyyyMMddHHmmss}-${(e)yyyyMMddHHmmss},
CHC影迷电影,239.21.2.127:5002,https://raw.githubusercontent.com/sumingyd/IPTV-Scanner-Editor-Pro/main/logo/北京/CHC影迷电影.png,特色频道,454656878,142,0,default,7,rtsp://150.138.8.132/PLTV/88888888/224/3221227180/454656879.smil?playseek=${(b)yyyyMMddHHmmss}-${(e)yyyyMMddHHmmss},
东方财经,239.21.2.108:5002,https://raw.githubusercontent.com/sumingyd/IPTV-Scanner-Editor-Pro/main/logo/上海/东方财经.png,特色频道,443310047,129,0,default,7,rtsp://150.138.8.132/PLTV/88888888/224/3221227270/443310048.smil?playseek=${(b)yyyyMMddHHmmss}-${(e)yyyyMMddHHmmss},
中华特产,239.21.2.177:5002,https://raw.githubusercontent.com/sumingyd/IPTV-Scanner-Editor-Pro/main/logo/北京/中华特产.png,特色频道,523620990,360,0,default,7,rtsp://150.138.8.132/PLTV/88888888/224/3221227315/523620991.smil?playseek=${(b)yyyyMMddHHmmss}-${(e)yyyyMMddHHmmss},
中国交通,239.21.1.115:5002,https://raw.githubusercontent.com/sumingyd/IPTV-Scanner-Editor-Pro/main/logo/公安部/中国交通3.png,特色频道,392270228,71,0,default,7,rtsp://150.138.8.132/PLTV/88888888/224/3221226801/392270229.smil?playseek=${(b)yyyyMMddHHmmss}-${(e)yyyyMMddHHmmss},
乐游,239.21.2.104:5002,https://raw.githubusercontent.com/sumingyd/IPTV-Scanner-Editor-Pro/main/logo/上海/乐游.png,特色频道,443310011,125,0,default,7,rtsp://150.138.8.132/PLTV/88888888/224/3221227139/443310012.smil?playseek=${(b)yyyyMMddHHmmss}-${(e)yyyyMMddHHmmss},
四海钓鱼,239.21.2.180:5002,https://raw.githubusercontent.com/sumingyd/IPTV-Scanner-Editor-Pro/main/logo/北京/四海钓鱼.png,特色频道,527408515,120,0,default,7,rtsp://150.138.8.132/PLTV/88888888/224/3221227449/527408516.smil?playseek=${(b)yyyyMMddHHmmss}-${(e)yyyyMMddHHmmss},
快乐垂钓,239.21.2.97:5002,https://raw.githubusercontent.com/sumingyd/IPTV-Scanner-Editor-Pro/main/logo/湖南/快乐垂钓.png,特色频道,443330035,118,0,default,7,rtsp://150.138.8.132/PLTV/88888888/224/3221227156/443330036.smil?playseek=${(b)yyyyMMddHHmmss}-${(e)yyyyMMddHHmmss},
文物宝库,239.21.2.109:5002,https://raw.githubusercontent.com/sumingyd/IPTV-Scanner-Editor-Pro/main/logo/河南/文物宝库.png,特色频道,443330185,130,0,default,7,rtsp://150.138.8.132/PLTV/88888888/224/3221227341/443330186.smil?playseek=${(b)yyyyMMddHHmmss}-${(e)yyyyMMddHHmmss},
梨园,239.21.2.101:5002,https://raw.githubusercontent.com/sumingyd/IPTV-Scanner-Editor-Pro/main/logo/河南/梨园频道.png,特色频道,443330130,122,0,default,7,rtsp://150.138.8.132/PLTV/88888888/224/3221227282/443330131.smil?playseek=${(b)yyyyMMddHHmmss}-${(e)yyyyMMddHHmmss},
武术世界,239.21.2.96:5002,https://raw.githubusercontent.com/sumingyd/IPTV-Scanner-Editor-Pro/main/logo/河南/武术世界.png,特色频道,443330025,117,0,default,7,rtsp://150.138.8.132/PLTV/88888888/224/3221227337/443330026.smil?playseek=${(b)yyyyMMddHHmmss}-${(e)yyyyMMddHHmmss},
求索纪录,239.21.2.159:5002,https://raw.githubusercontent.com/sumingyd/IPTV-Scanner-Editor-Pro/main/logo/浙江/求索纪录.png,特色频道,457055033,121,0,default,7,rtsp://150.138.8.132/PLTV/88888888/224/3221227231/457055034.smil?playseek=${(b)yyyyMMddHHmmss}-${(e)yyyyMMddHHmmss},
汽摩,239.21.2.142:5002,https://raw.githubusercontent.com/sumingyd/IPTV-Scanner-Editor-Pro/main/logo/重庆/汽摩.png,特色频道,479155501,331,0,default,7,rtsp://150.138.8.132/PLTV/88888888/224/3221227346/479155502.smil?playseek=${(b)yyyyMMddHHmmss}-${(e)yyyyMMddHHmmss},
法治天地,239.21.2.105:5002,https://raw.githubusercontent.com/sumingyd/IPTV-Scanner-Editor-Pro/main/logo/上海/法治天地3.png,特色频道,443310023,126,0,default,7,rtsp://150.138.8.132/PLTV/88888888/224/3221227152/443310024.smil?playseek=${(b)yyyyMMddHHmmss}-${(e)yyyyMMddHHmmss},
海洋频道,239.21.2.119:5002,https://raw.githubusercontent.com/sumingyd/IPTV-Scanner-Editor-Pro/main/logo/山东/海洋频道.png,特色频道,449855976,976,0,default,7,rtsp://150.138.8.132/PLTV/88888888/224/3221227353/449855977.smil?playseek=${(b)yyyyMMddHHmmss}-${(e)yyyyMMddHHmmss},
游戏风云,239.21.2.107:5002,https://raw.githubusercontent.com/sumingyd/IPTV-Scanner-Editor-Pro/main/logo/上海/游戏风云.png,特色频道,443310035,128,0,default,7,rtsp://150.138.8.132/PLTV/88888888/224/3221227143/443310036.smil?playseek=${(b)yyyyMMddHHmmss}-${(e)yyyyMMddHHmmss},
环球旅游,239.21.2.115:5002,https://raw.githubusercontent.com/sumingyd/IPTV-Scanner-Editor-Pro/main/logo/北京/环球旅游.png,特色频道,410462830,137,0,default,7,rtsp://150.138.8.132/PLTV/88888888/224/3221227149/410462831.smil?playseek=${(b)yyyyMMddHHmmss}-${(e)yyyyMMddHHmmss},
生态环境,239.21.2.160:5002,https://raw.githubusercontent.com/sumingyd/IPTV-Scanner-Editor-Pro/main/logo/北京/生态环境.png,特色频道,505952659,88,0,default,7,rtsp://150.138.8.132/PLTV/88888888/224/3221227276/505952660.smil?playseek=${(b)yyyyMMddHHmmss}-${(e)yyyyMMddHHmmss},
生活时尚,239.21.2.103:5002,https://raw.githubusercontent.com/sumingyd/IPTV-Scanner-Editor-Pro/main/logo/上海/生活时尚.png,特色频道,443309999,124,0,default,7,rtsp://150.138.8.132/PLTV/88888888/224/3221227325/443310000.smil?playseek=${(b)yyyyMMddHHmmss}-${(e)yyyyMMddHHmmss},
精彩影视,239.21.2.91:5002,https://raw.githubusercontent.com/sumingyd/IPTV-Scanner-Editor-Pro/main/logo/华数/精彩影视.png,特色频道,443330047,112,0,default,7,rtsp://150.138.8.132/PLTV/88888888/224/3221227155/443330176.smil?playseek=${(b)yyyyMMddHHmmss}-${(e)yyyyMMddHHmmss},
北京纪实科教,239.21.1.172:5002,https://raw.githubusercontent.com/sumingyd/IPTV-Scanner-Editor-Pro/main/logo/北京/纪实科教.png,特色频道,20000164,330,0,default,7,rtsp://150.138.8.132/PLTV/88888888/224/3221226225/10000100000000060000000003301187_0.smil?playseek=${(b)yyyyMMddHHmmss}-${(e)yyyyMMddHHmmss},
茶,239.21.2.110:5002,https://raw.githubusercontent.com/sumingyd/IPTV-Scanner-Editor-Pro/main/logo/湖南/茶频道.png,特色频道,443330152,131,0,default,7,rtsp://150.138.8.132/PLTV/88888888/224/3221227290/443330153.smil?playseek=${(b)yyyyMMddHHmmss}-${(e)yyyyMMddHHmmss},
都市剧场,239.21.2.90:5002,https://raw.githubusercontent.com/sumingyd/IPTV-Scanner-Editor-Pro/main/logo/上海/都市剧场.png,特色频道,443330118,111,0,default,7,rtsp://150.138.8.132/PLTV/88888888/224/3221227147/443330119.smil?playseek=${(b)yyyyMMddHHmmss}-${(e)yyyyMMddHHmmss},
重温经典影视,239.21.2.77:5002,https://raw.githubusercontent.com/sumingyd/IPTV-Scanner-Editor-Pro/main/logo/CCTV/重温经典影视.png,特色频道,,,,none,0,,
金色学堂,239.21.2.102:5002,https://raw.githubusercontent.com/sumingyd/IPTV-Scanner-Editor-Pro/main/logo/上海/金色学堂.png,特色频道,443309934,123,0,default,7,rtsp://150.138.8.132/PLTV/88888888/224/3221227262/443309935.smil?playseek=${(b)yyyyMMddHHmmss}-${(e)yyyyMMddHHmmss},
金鹰纪实,239.21.1.170:5002,https://raw.githubusercontent.com/sumingyd/IPTV-Scanner-Editor-Pro/main/logo/湖南/金鹰纪实.png,特色频道,20000165,68,0,default,7,rtsp://150.138.8.132/PLTV/88888888/224/3221226221/10000100000000060000000003301183_0.smil?playseek=${(b)yyyyMMddHHmmss}-${(e)yyyyMMddHHmmss},
书画,239.21.2.111:5002,https://raw.githubusercontent.com/sumingyd/IPTV-Scanner-Editor-Pro/main/logo/北京/书画.png,特色频道,443330164,132,0,default,7,rtsp://150.138.8.132/PLTV/88888888/224/3221227163/443330165.smil?playseek=${(b)yyyyMMddHHmmss}-${(e)yyyyMMddHHmmss},
CHC影迷电影,239.21.2.127:5002,https://raw.githubusercontent.com/sumingyd/IPTV-Scanner-Editor-Pro/main/logo/北京/CHC影迷电影.png,特色频道,,,,none,0,,
先锋乒羽,239.21.2.98:5002,https://raw.githubusercontent.com/sumingyd/IPTV-Scanner-Editor-Pro/main/logo/湖南/先锋乒羽.png,特色频道,,,,none,0,,
财富天下,239.21.1.127:5002,https://raw.githubusercontent.com/sumingyd/IPTV-Scanner-Editor-Pro/main/logo/广东/财富天下.png,特色频道,,,,none,0,,
动漫秀场,239.21.2.92:5002,https://raw.githubusercontent.com/sumingyd/IPTV-Scanner-Editor-Pro/main/logo/上海/动漫秀场.png,少儿频道,443309883,113,0,default,7,rtsp://150.138.8.132/PLTV/88888888/224/3221227297/443309884.smil?playseek=${(b)yyyyMMddHHmmss}-${(e)yyyyMMddHHmmss},
卡酷少儿,239.21.2.120:5002,https://raw.githubusercontent.com/sumingyd/IPTV-Scanner-Editor-Pro/main/logo/北京/卡酷少儿.png,少儿频道,448429700,64,0,default,7,rtsp://150.138.8.132/PLTV/88888888/224/3221227167/448429701.smil?playseek=${(b)yyyyMMddHHmmss}-${(e)yyyyMMddHHmmss},
金鹰卡通,239.21.2.121:5002,https://raw.githubusercontent.com/sumingyd/IPTV-Scanner-Editor-Pro/main/logo/湖南/金鹰卡通.png,少儿频道,443837473,63,0,default,7,rtsp://150.138.8.132/PLTV/88888888/224/3221227164/443837474.smil?playseek=${(b)yyyyMMddHHmmss}-${(e)yyyyMMddHHmmss},
山东少儿,239.21.1.208:5002,https://raw.githubusercontent.com/sumingyd/IPTV-Scanner-Editor-Pro/main/logo/山东/山东少儿.png,少儿频道,391572870,29,0,default,7,rtsp://150.138.8.132/PLTV/88888888/224/3221226810/391572871.smil?playseek=${(b)yyyyMMddHHmmss}-${(e)yyyyMMddHHmmss},
优优宝贝,239.21.2.94:5002,https://raw.githubusercontent.com/sumingyd/IPTV-Scanner-Editor-Pro/main/logo/北京/优优宝贝2.png,少儿频道,410462865,115,0,default,7,rtsp://150.138.8.132/PLTV/88888888/224/3221227023/410462866.smil?playseek=${(b)yyyyMMddHHmmss}-${(e)yyyyMMddHHmmss},
优漫卡通,239.21.1.50:5002,https://raw.githubusercontent.com/sumingyd/IPTV-Scanner-Editor-Pro/main/logo/北京/优漫卡通2.png,少儿频道,20000088,65,0,default,7,rtsp://150.138.8.132/PLTV/88888888/224/3221226066/10000100000000060000000002706940_0.smil?playseek=${(b)yyyyMMddHHmmss}-${(e)yyyyMMddHHmmss},
嘉佳卡通,239.21.2.5:5002,https://raw.githubusercontent.com/sumingyd/IPTV-Scanner-Editor-Pro/main/logo/广东/嘉佳卡通.png,少儿频道,395256411,73,0,default,7,rtsp://150.138.8.132/PLTV/88888888/224/3221226740/395256412.smil?playseek=${(b)yyyyMMddHHmmss}-${(e)yyyyMMddHHmmss},
新动漫,239.21.2.93:5002,https://raw.githubusercontent.com/sumingyd/IPTV-Scanner-Editor-Pro/main/logo/辽宁/新动漫2.png,少儿频道,443330106,114,0,default,7,rtsp://150.138.8.132/PLTV/88888888/224/3221227333/443330107.smil?playseek=${(b)yyyyMMddHHmmss}-${(e)yyyyMMddHHmmss},
山东体育,239.21.1.141:5002,https://raw.githubusercontent.com/sumingyd/IPTV-Scanner-Editor-Pro/main/logo/山东/山东体育.png,山东频道,20000138,26,0,default,7,rtsp://150.138.8.132/PLTV/88888888/224/3221226139/10000100000000060000000003064319_0.smil?playseek=${(b)yyyyMMddHHmmss}-${(e)yyyyMMddHHmmss},
山东农科,239.21.1.183:5002,https://raw.githubusercontent.com/sumingyd/IPTV-Scanner-Editor-Pro/main/logo/山东/山东农科.png,山东频道,20000182,28,0,default,7,rtsp://150.138.8.132/PLTV/88888888/224/3221226279/10000100000000060000000003687322_0.smil?playseek=${(b)yyyyMMddHHmmss}-${(e)yyyyMMddHHmmss},
居家购物,239.21.1.112:5002,https://raw.githubusercontent.com/sumingyd/IPTV-Scanner-Editor-Pro/main/logo/山东/山东居家购物.png,山东频道,20000109,31,0,default,7,rtsp://150.138.8.132/PLTV/88888888/224/3221226091/10000100000000060000000002859311_0.smil?playseek=${(b)yyyyMMddHHmmss}-${(e)yyyyMMddHHmmss},
山东教育卫视,239.21.1.169:5002,https://raw.githubusercontent.com/sumingyd/IPTV-Scanner-Editor-Pro/main/logo/山东/山东教育.png,山东频道,20000169,30,0,default,7,rtsp://150.138.8.132/PLTV/88888888/224/3221226219/10000100000000060000000003301182_0.smil?playseek=${(b)yyyyMMddHHmmss}-${(e)yyyyMMddHHmmss},
山东文旅,239.21.1.176:5002,https://raw.githubusercontent.com/sumingyd/IPTV-Scanner-Editor-Pro/main/logo/山东/山东文旅.png,山东频道,20000174,23,0,default,7,rtsp://150.138.8.132/PLTV/88888888/224/3221226233/10000100000000060000000003385231_0.smil?playseek=${(b)yyyyMMddHHmmss}-${(e)yyyyMMddHHmmss},
山东新闻,239.21.1.140:5002,https://raw.githubusercontent.com/sumingyd/IPTV-Scanner-Editor-Pro/main/logo/山东/山东新闻.png,山东频道,20000137,27,0,default,7,rtsp://150.138.8.132/PLTV/88888888/224/3221226137/10000100000000060000000003064294_0.smil?playseek=${(b)yyyyMMddHHmmss}-${(e)yyyyMMddHHmmss},
山东生活,239.21.1.175:5002,https://raw.githubusercontent.com/sumingyd/IPTV-Scanner-Editor-Pro/main/logo/山东/山东生活.png,山东频道,20000173,24,0,default,7,rtsp://150.138.8.132/PLTV/88888888/224/3221226276/10000100000000060000000003357334_0.smil?playseek=${(b)yyyyMMddHHmmss}-${(e)yyyyMMddHHmmss},
山东综艺,239.21.1.177:5002,https://raw.githubusercontent.com/sumingyd/IPTV-Scanner-Editor-Pro/main/logo/山东/山东综艺.png,山东频道,20000175,25,0,default,7,rtsp://150.138.8.132/PLTV/88888888/224/3221226235/10000100000000060000000003385298_0.smil?playseek=${(b)yyyyMMddHHmmss}-${(e)yyyyMMddHHmmss},
山东齐鲁,239.21.1.134:5002,https://raw.githubusercontent.com/sumingyd/IPTV-Scanner-Editor-Pro/main/logo/山东/山东齐鲁.png,山东频道,20000128,3,0,default,7,rtsp://150.138.8.132/PLTV/88888888/224/3221226119/10000100000000060000000002952439_0.smil?playseek=${(b)yyyyMMddHHmmss}-${(e)yyyyMMddHHmmss},
德州新闻综合,239.21.1.75:5002,https://raw.githubusercontent.com/sumingyd/IPTV-Scanner-Editor-Pro/main/logo/山东/德州新闻.png,市级频道,,,,none,0,,
德州经济生活,239.21.1.76:5002,https://raw.githubusercontent.com/sumingyd/IPTV-Scanner-Editor-Pro/main/logo/山东/德州生活.png,市级频道,,,,none,0,,
济南教育,239.21.1.133:5002,https://raw.githubusercontent.com/sumingyd/IPTV-Scanner-Editor-Pro/main/logo/山东/济南教育.png,市级频道,,,,none,0,,
济南新闻综合,239.21.1.94:5002,https://raw.githubusercontent.com/sumingyd/IPTV-Scanner-Editor-Pro/main/logo/山东/济南新闻.png,市级频道,,,,none,0,,
济宁综合,239.21.2.19:5002,https://raw.githubusercontent.com/sumingyd/IPTV-Scanner-Editor-Pro/main/logo/山东/济宁.png,市级频道,,,,none,0,,
济宁高新,239.21.2.83:5002,https://raw.githubusercontent.com/sumingyd/IPTV-Scanner-Editor-Pro/main/logo/山东/济宁.png,市级频道,,,,none,0,,
淄博影视,239.21.1.182:5002,https://raw.githubusercontent.com/sumingyd/IPTV-Scanner-Editor-Pro/main/logo/山东/淄博影视.png,市级频道,,,,none,0,,
淄博新闻综合,239.21.1.84:5002,https://raw.githubusercontent.com/sumingyd/IPTV-Scanner-Editor-Pro/main/logo/山东/淄博新闻.png,市级频道,,,,none,0,,
潍坊公共,239.21.2.88:5002,https://raw.githubusercontent.com/sumingyd/IPTV-Scanner-Editor-Pro/main/logo/山东/潍坊影视.png,市级频道,,,,none,0,,
潍坊新闻综合,239.21.1.77:5002,https://raw.githubusercontent.com/sumingyd/IPTV-Scanner-Editor-Pro/main/logo/山东/潍坊新闻.png,市级频道,,,,none,0,,
潍坊科教文化,239.21.2.89:5002,https://raw.githubusercontent.com/sumingyd/IPTV-Scanner-Editor-Pro/main/logo/山东/潍坊文旅.png,市级频道,,,,none,0,,
潍坊经济生活,239.21.1.78:5002,https://raw.githubusercontent.com/sumingyd/IPTV-Scanner-Editor-Pro/main/logo/山东/潍坊生活.png,市级频道,,,,none,0,,
潍坊高新区,239.21.2.131:5002,https://raw.githubusercontent.com/sumingyd/IPTV-Scanner-Editor-Pro/main/logo/山东/潍坊高新.png,市级频道,,,,none,0,,
烟台影视,239.21.1.204:5002,https://raw.githubusercontent.com/sumingyd/IPTV-Scanner-Editor-Pro/main/logo/山东/烟台.png,市级频道,,,,none,0,,
烟台新闻综合,239.21.1.116:5002,https://raw.githubusercontent.com/sumingyd/IPTV-Scanner-Editor-Pro/main/logo/山东/烟台.png,市级频道,,,,none,0,,
烟台经济科技,239.21.1.205:5002,https://raw.githubusercontent.com/sumingyd/IPTV-Scanner-Editor-Pro/main/logo/山东/烟台.png,市级频道,,,,none,0,,
聊城民生,239.21.1.254:5002,https://raw.githubusercontent.com/sumingyd/IPTV-Scanner-Editor-Pro/main/logo/山东/聊城.png,市级频道,387375626,5,0,default,7,rtsp://150.138.8.132/PLTV/88888888/224/3221226753/387375627.smil?playseek=${(b)yyyyMMddHHmmss}-${(e)yyyyMMddHHmmss},
聊城综合,239.21.1.253:5002,https://raw.githubusercontent.com/sumingyd/IPTV-Scanner-Editor-Pro/main/logo/山东/聊城.png,市级频道,387375542,4,0,default,7,rtsp://150.138.8.132/PLTV/88888888/224/3221226770/387375543.smil?playseek=${(b)yyyyMMddHHmmss}-${(e)yyyyMMddHHmmss},
东营公共,239.21.1.82:5002,https://raw.githubusercontent.com/sumingyd/IPTV-Scanner-Editor-Pro/main/logo/山东/东营.png,市级频道,,,,none,0,,
东营新闻综合,239.21.1.81:5002,https://raw.githubusercontent.com/sumingyd/IPTV-Scanner-Editor-Pro/main/logo/山东/东营.png,市级频道,,,,none,0,,
威海新闻综合,239.21.2.155:5002,https://raw.githubusercontent.com/sumingyd/IPTV-Scanner-Editor-Pro/main/logo/山东/威海.png,市级频道,,,,none,0,,
威海都市生活,239.21.2.156:5002,https://raw.githubusercontent.com/sumingyd/IPTV-Scanner-Editor-Pro/main/logo/山东/威海.png,市级频道,,,,none,0,,
日照公共,239.21.2.81:5002,https://raw.githubusercontent.com/sumingyd/IPTV-Scanner-Editor-Pro/main/logo/山东/日照公共.png,市级频道,,,,none,0,,
日照新闻综合,239.21.1.79:5002,https://raw.githubusercontent.com/sumingyd/IPTV-Scanner-Editor-Pro/main/logo/山东/日照新闻.png,市级频道,,,,none,0,,
日照科教,239.21.1.80:5002,https://raw.githubusercontent.com/sumingyd/IPTV-Scanner-Editor-Pro/main/logo/山东/日照科教.png,市级频道,,,,none,0,,
济南娱乐,239.21.1.66:5002,https://raw.githubusercontent.com/sumingyd/IPTV-Scanner-Editor-Pro/main/logo/山东/济南娱乐.png,市级频道,,,,none,0,,
济南少儿,239.21.1.68:5002,https://raw.githubusercontent.com/sumingyd/IPTV-Scanner-Editor-Pro/main/logo/山东/济南少儿.png,市级频道,,,,none,0,,
济南文旅体育,239.21.1.65:5002,https://raw.githubusercontent.com/sumingyd/IPTV-Scanner-Editor-Pro/main/logo/山东/济南文旅体育.png,市级频道,,,,none,0,,
济南新闻综合,239.21.1.62:5002,https://raw.githubusercontent.com/sumingyd/IPTV-Scanner-Editor-Pro/main/logo/山东/济南新闻.png,市级频道,,,,none,0,,
济南生活,239.21.1.64:5002,https://raw.githubusercontent.com/sumingyd/IPTV-Scanner-Editor-Pro/main/logo/山东/济南生活.png,市级频道,,,,none,0,,
济南都市,239.21.1.63:5002,https://raw.githubusercontent.com/sumingyd/IPTV-Scanner-Editor-Pro/main/logo/山东/济南都市.png,市级频道,,,,none,0,,
济南鲁中,239.21.1.149:5002,https://raw.githubusercontent.com/sumingyd/IPTV-Scanner-Editor-Pro/main/logo/山东/济南鲁中.png,市级频道,,,,none,0,,
济宁公共,239.21.2.20:5002,https://raw.githubusercontent.com/sumingyd/IPTV-Scanner-Editor-Pro/main/logo/山东/济宁.png,市级频道,,,,none,0,,
济宁生活,239.21.1.139:5002,https://raw.githubusercontent.com/sumingyd/IPTV-Scanner-Editor-Pro/main/logo/山东/济宁.png,市级频道,,,,none,0,,
淄博文旅,239.21.1.83:5002,https://raw.githubusercontent.com/sumingyd/IPTV-Scanner-Editor-Pro/main/logo/山东/淄博文旅.png,市级频道,,,,none,0,,
淄博民生,239.21.1.109:5002,https://raw.githubusercontent.com/sumingyd/IPTV-Scanner-Editor-Pro/main/logo/山东/淄博民生.png,市级频道,,,,none,0,,
滨州新闻综合,239.21.1.118:5002,https://raw.githubusercontent.com/sumingyd/IPTV-Scanner-Editor-Pro/main/logo/山东/滨州.png,市级频道,,,,none,0,,
滨州民生,239.21.1.119:5002,https://raw.githubusercontent.com/sumingyd/IPTV-Scanner-Editor-Pro/main/logo/山东/滨州.png,市级频道,,,,none,0,,
烟台公共,239.21.1.117:5002,https://raw.githubusercontent.com/sumingyd/IPTV-Scanner-Editor-Pro/main/logo/山东/烟台.png,市级频道,,,,none,0,,
菏泽-1,239.21.1.103:5002,https://raw.githubusercontent.com/sumingyd/IPTV-Scanner-Editor-Pro/main/logo/山东/菏泽.png,市级频道,,,,none,0,,
菏泽-2,239.21.2.18:5002,https://raw.githubusercontent.com/sumingyd/IPTV-Scanner-Editor-Pro/main/logo/山东/菏泽.png,市级频道,,,,none,0,,
青岛QTV-1,239.21.1.69:5002,https://raw.githubusercontent.com/sumingyd/IPTV-Scanner-Editor-Pro/main/logo/山东/QTV1.png,市级频道,,,,none,0,,
青岛QTV-2,239.21.1.70:5002,https://raw.githubusercontent.com/sumingyd/IPTV-Scanner-Editor-Pro/main/logo/山东/QTV2.png,市级频道,,,,none,0,,
青岛QTV-3,239.21.1.71:5002,https://raw.githubusercontent.com/sumingyd/IPTV-Scanner-Editor-Pro/main/logo/山东/QTV3.png,市级频道,,,,none,0,,
青岛QTV-4,239.21.1.72:5002,https://raw.githubusercontent.com/sumingyd/IPTV-Scanner-Editor-Pro/main/logo/山东/QTV4.png,市级频道,,,,none,0,,
青岛QTV-5,239.21.1.74:5002,https://raw.githubusercontent.com/sumingyd/IPTV-Scanner-Editor-Pro/main/logo/山东/QTV5.png,市级频道,,,,none,0,,
无棣综合,239.21.1.214:5002,https://raw.githubusercontent.com/sumingyd/IPTV-Scanner-Editor-Pro/main/logo/山东/滨州无棣.png,地方频道,,,,none,0,,
沾化综合,239.21.1.226:5002,https://raw.githubusercontent.com/sumingyd/IPTV-Scanner-Editor-Pro/main/logo/山东/滨州沾化.png,地方频道,,,,none,0,,
邹平综合,239.21.1.238:5002,https://raw.githubusercontent.com/sumingyd/IPTV-Scanner-Editor-Pro/main/logo/山东/滨州邹平.png,地方频道,,,,none,0,,
阳信综合,239.21.1.252:5002,https://raw.githubusercontent.com/sumingyd/IPTV-Scanner-Editor-Pro/main/logo/山东/滨州阳信.png,地方频道,,,,none,0,,
临邑综合,239.21.2.130:5002,https://raw.githubusercontent.com/sumingyd/IPTV-Scanner-Editor-Pro/main/logo/山东/德州临邑.png,地方频道,,,,none,0,,
夏津公共,239.21.1.102:5002,https://raw.githubusercontent.com/sumingyd/IPTV-Scanner-Editor-Pro/main/logo/山东/德州夏津.png,地方频道,,,,none,0,,
夏津综合,239.21.1.106:5002,https://raw.githubusercontent.com/sumingyd/IPTV-Scanner-Editor-Pro/main/logo/山东/德州夏津.png,地方频道,,,,none,0,,
宁津综合,239.21.2.50:5002,https://raw.githubusercontent.com/sumingyd/IPTV-Scanner-Editor-Pro/main/logo/山东/德州宁津.png,地方频道,,,,none,0,,
平原综合,239.21.1.243:5002,https://raw.githubusercontent.com/sumingyd/IPTV-Scanner-Editor-Pro/main/logo/山东/德州平原.png,地方频道,,,,none,0,,
武城综合,239.21.1.239:5002,https://raw.githubusercontent.com/sumingyd/IPTV-Scanner-Editor-Pro/main/logo/山东/德州武城.png,地方频道,,,,none,0,,
禹城综合,239.21.1.241:5002,https://raw.githubusercontent.com/sumingyd/IPTV-Scanner-Editor-Pro/main/logo/山东/德州禹城.png,地方频道,,,,none,0,,
禹城综艺,239.21.1.242:5002,https://raw.githubusercontent.com/sumingyd/IPTV-Scanner-Editor-Pro/main/logo/山东/德州禹城.png,地方频道,,,,none,0,,
陵城综合,239.21.2.24:5002,https://raw.githubusercontent.com/sumingyd/IPTV-Scanner-Editor-Pro/main/logo/山东/德州陵城.png,地方频道,,,,none,0,,
齐河综合,239.21.1.230:5002,https://raw.githubusercontent.com/sumingyd/IPTV-Scanner-Editor-Pro/main/logo/山东/德州齐河.png,地方频道,,,,none,0,,
广饶综合,239.21.1.193:5002,https://raw.githubusercontent.com/sumingyd/IPTV-Scanner-Editor-Pro/main/logo/山东/东营广饶.png,地方频道,,,,none,0,,
单县综合,239.21.2.21:5002,https://raw.githubusercontent.com/sumingyd/IPTV-Scanner-Editor-Pro/main/logo/山东/菏泽单县.png,地方频道,,,,none,0,,
定陶综合,239.21.1.244:5002,https://raw.githubusercontent.com/sumingyd/IPTV-Scanner-Editor-Pro/main/logo/山东/菏泽定陶.png,地方频道,,,,none,0,,
巨野新闻,239.21.1.215:5002,https://raw.githubusercontent.com/sumingyd/IPTV-Scanner-Editor-Pro/main/logo/山东/菏泽巨野.png,地方频道,,,,none,0,,
郓城综合,239.21.1.251:5002,https://raw.githubusercontent.com/sumingyd/IPTV-Scanner-Editor-Pro/main/logo/山东/菏泽郓城.png,地方频道,,,,none,0,,
历城综合,239.21.2.132:5002,https://raw.githubusercontent.com/sumingyd/IPTV-Scanner-Editor-Pro/main/logo/山东/济南历城.png,地方频道,,,,none,0,,
商河综合,239.21.2.53:5002,https://raw.githubusercontent.com/sumingyd/IPTV-Scanner-Editor-Pro/main/logo/山东/济南商河.png,地方频道,,,,none,0,,
平阴综合,239.21.1.221:5002,https://raw.githubusercontent.com/sumingyd/IPTV-Scanner-Editor-Pro/main/logo/山东/济南平阴.png,地方频道,,,,none,0,,
济阳综合,239.21.1.187:5002,https://raw.githubusercontent.com/sumingyd/IPTV-Scanner-Editor-Pro/main/logo/山东/济南济阳.png,地方频道,,,,none,0,,
任城生活,239.21.2.144:5002,https://raw.githubusercontent.com/sumingyd/IPTV-Scanner-Editor-Pro/main/logo/山东/济宁任城.png,地方频道,,,,none,0,,
任城综合,239.21.2.143:5002,https://raw.githubusercontent.com/sumingyd/IPTV-Scanner-Editor-Pro/main/logo/山东/济宁任城.png,地方频道,,,,none,0,,
兖州新闻,239.21.1.224:5002,https://raw.githubusercontent.com/sumingyd/IPTV-Scanner-Editor-Pro/main/logo/山东/济宁兖州.png,地方频道,,,,none,0,,
嘉祥综合,239.21.2.84:5002,https://raw.githubusercontent.com/sumingyd/IPTV-Scanner-Editor-Pro/main/logo/山东/济宁嘉祥.png,地方频道,,,,none,0,,
曲阜综合,239.21.1.225:5002,https://raw.githubusercontent.com/sumingyd/IPTV-Scanner-Editor-Pro/main/logo/山东/济宁曲阜.png,地方频道,,,,none,0,,
梁山综合,239.21.2.12:5002,https://raw.githubusercontent.com/sumingyd/IPTV-Scanner-Editor-Pro/main/logo/山东/济宁梁山.png,地方频道,,,,none,0,,
汶上综合,239.21.2.175:5002,https://raw.githubusercontent.com/sumingyd/IPTV-Scanner-Editor-Pro/main/logo/山东/济宁汶上.png,地方频道,,,,none,0,,
邹城综合,239.21.1.185:5002,https://raw.githubusercontent.com/sumingyd/IPTV-Scanner-Editor-Pro/main/logo/山东/济宁邹城.png,地方频道,,,,none,0,,
鱼台生活,239.21.2.135:5002,https://raw.githubusercontent.com/sumingyd/IPTV-Scanner-Editor-Pro/main/logo/山东/济宁鱼台.png,地方频道,,,,none,0,,
鱼台综合,239.21.2.134:5002,https://raw.githubusercontent.com/sumingyd/IPTV-Scanner-Editor-Pro/main/logo/山东/济宁鱼台.png,地方频道,,,,none,0,,
东昌综合,239.21.2.190:5002,https://raw.githubusercontent.com/sumingyd/IPTV-Scanner-Editor-Pro/main/logo/山东/聊城东昌.png,地方频道,533741323,6,0,default,7,rtsp://150.138.8.132/PLTV/88888888/224/3221227328/533741324.smil?playseek=${(b)yyyyMMddHHmmss}-${(e)yyyyMMddHHmmss},
东阿综合,239.21.2.61:5002,https://raw.githubusercontent.com/sumingyd/IPTV-Scanner-Editor-Pro/main/logo/山东/聊城东阿.png,地方频道,,,,none,0,,
临清综合,239.21.2.123:5002,https://raw.githubusercontent.com/sumingyd/IPTV-Scanner-Editor-Pro/main/logo/山东/聊城临清.png,地方频道,,,,none,0,,
茌平综合,239.21.1.219:5002,https://raw.githubusercontent.com/sumingyd/IPTV-Scanner-Editor-Pro/main/logo/山东/聊城茌平.png,地方频道,,,,none,0,,
莘县综合,239.21.1.211:5002,https://raw.githubusercontent.com/sumingyd/IPTV-Scanner-Editor-Pro/main/logo/山东/聊城莘县.png,地方频道,,,,none,0,,
临沭综合,239.21.2.154:5002,https://raw.githubusercontent.com/sumingyd/IPTV-Scanner-Editor-Pro/main/logo/山东/临沂临沭.png,地方频道,,,,none,0,,
兰陵公共,239.21.2.63:5002,https://raw.githubusercontent.com/sumingyd/IPTV-Scanner-Editor-Pro/main/logo/山东/临沂兰陵.png,地方频道,,,,none,0,,
兰陵综合,239.21.1.237:5002,https://raw.githubusercontent.com/sumingyd/IPTV-Scanner-Editor-Pro/main/logo/山东/临沂兰陵.png,地方频道,,,,none,0,,
沂水生活,239.21.2.80:5002,https://raw.githubusercontent.com/sumingyd/IPTV-Scanner-Editor-Pro/main/logo/山东/临沂沂水.png,地方频道,,,,none,0,,
沂水综合,239.21.2.79:5002,https://raw.githubusercontent.com/sumingyd/IPTV-Scanner-Editor-Pro/main/logo/山东/临沂沂水.png,地方频道,,,,none,0,,
河东综合,239.21.2.136:5002,https://raw.githubusercontent.com/sumingyd/IPTV-Scanner-Editor-Pro/main/logo/山东/临沂河东.png,地方频道,,,,none,0,,
莒南综合,239.21.2.66:5002,https://raw.githubusercontent.com/sumingyd/IPTV-Scanner-Editor-Pro/main/logo/山东/临沂莒南.png,地方频道,,,,none,0,,
蒙阴综合,239.21.2.23:5002,https://raw.githubusercontent.com/sumingyd/IPTV-Scanner-Editor-Pro/main/logo/山东/临沂蒙阴.png,地方频道,,,,none,0,,
崂山综合,239.21.1.223:5002,https://raw.githubusercontent.com/sumingyd/IPTV-Scanner-Editor-Pro/main/logo/山东/青岛崂山.png,地方频道,,,,none,0,,
崂山综合,239.21.2.122:5002,https://raw.githubusercontent.com/sumingyd/IPTV-Scanner-Editor-Pro/main/logo/山东/青岛崂山.png,地方频道,,,,none,0,,
平度综合,239.21.1.228:5002,https://raw.githubusercontent.com/sumingyd/IPTV-Scanner-Editor-Pro/main/logo/山东/青岛平度.png,地方频道,,,,none,0,,
胶州综合,239.21.2.60:5002,https://raw.githubusercontent.com/sumingyd/IPTV-Scanner-Editor-Pro/main/logo/山东/青岛胶州.png,地方频道,,,,none,0,,
莱西综合,239.21.1.247:5002,https://raw.githubusercontent.com/sumingyd/IPTV-Scanner-Editor-Pro/main/logo/山东/青岛莱西.png,地方频道,,,,none,0,,
黄岛生活,239.21.2.58:5002,https://raw.githubusercontent.com/sumingyd/IPTV-Scanner-Editor-Pro/main/logo/山东/青岛黄岛.png,地方频道,,,,none,0,,
黄岛综合,239.21.2.57:5002,https://raw.githubusercontent.com/sumingyd/IPTV-Scanner-Editor-Pro/main/logo/山东/青岛黄岛.png,地方频道,,,,none,0,,
岚山综合,239.21.1.209:5002,https://raw.githubusercontent.com/sumingyd/IPTV-Scanner-Editor-Pro/main/logo/山东/日照岚山.png,地方频道,,,,none,0,,
莒县综合,239.21.1.236:5002,https://raw.githubusercontent.com/sumingyd/IPTV-Scanner-Editor-Pro/main/logo/山东/日照莒县.png,地方频道,,,,none,0,,
东平综合,239.21.1.216:5002,https://raw.githubusercontent.com/sumingyd/IPTV-Scanner-Editor-Pro/main/logo/山东/泰安东平.png,地方频道,,,,none,0,,
宁阳综合,239.21.1.143:5002,https://raw.githubusercontent.com/sumingyd/IPTV-Scanner-Editor-Pro/main/logo/山东/泰安宁阳一套.png,地方频道,,,,none,0,,
岱岳综合,239.21.2.139:5002,https://raw.githubusercontent.com/sumingyd/IPTV-Scanner-Editor-Pro/main/logo/山东/泰安岱岳.png,地方频道,,,,none,0,,
新泰乡村,239.21.1.248:5002,https://raw.githubusercontent.com/sumingyd/IPTV-Scanner-Editor-Pro/main/logo/山东/泰安新泰乡村.png,地方频道,,,,none,0,,
新泰综合,239.21.1.210:5002,https://raw.githubusercontent.com/sumingyd/IPTV-Scanner-Editor-Pro/main/logo/山东/泰安新泰.png,地方频道,,,,none,0,,
泰山综合,239.21.2.147:5002,https://raw.githubusercontent.com/sumingyd/IPTV-Scanner-Editor-Pro/main/logo/山东/泰安泰山.png,地方频道,,,,none,0,,
肥城综合,239.21.2.161:5002,https://raw.githubusercontent.com/sumingyd/IPTV-Scanner-Editor-Pro/main/logo/山东/泰安肥城.png,地方频道,,,,none,0,,
乳山综合,239.21.1.220:5002,https://raw.githubusercontent.com/sumingyd/IPTV-Scanner-Editor-Pro/main/logo/山东/威海乳山.png,地方频道,,,,none,0,,
文登综合,239.21.1.174:5002,https://raw.githubusercontent.com/sumingyd/IPTV-Scanner-Editor-Pro/main/logo/山东/威海文登.png,地方频道,,,,none,0,,
荣成综合,239.21.1.227:5002,https://raw.githubusercontent.com/sumingyd/IPTV-Scanner-Editor-Pro/main/logo/山东/威海荣成.png,地方频道,,,,none,0,,
临朐综合,239.21.2.62:5002,https://raw.githubusercontent.com/sumingyd/IPTV-Scanner-Editor-Pro/main/logo/山东/潍坊临朐.png,地方频道,,,,none,0,,
安丘综合,239.21.2.13:5002,https://raw.githubusercontent.com/sumingyd/IPTV-Scanner-Editor-Pro/main/logo/山东/潍坊安丘.png,地方频道,,,,none,0,,
寿光蔬菜,239.21.1.218:5002,https://raw.githubusercontent.com/sumingyd/IPTV-Scanner-Editor-Pro/main/logo/山东/潍坊寿光.png,地方频道,,,,none,0,,
昌乐综合,239.21.1.245:5002,https://raw.githubusercontent.com/sumingyd/IPTV-Scanner-Editor-Pro/main/logo/山东/潍坊昌乐.png,地方频道,,,,none,0,,
昌邑综合,239.21.2.27:5002,https://raw.githubusercontent.com/sumingyd/IPTV-Scanner-Editor-Pro/main/logo/山东/潍坊昌邑.png,地方频道,,,,none,0,,
青州文化旅游,239.21.1.231:5002,https://raw.githubusercontent.com/sumingyd/IPTV-Scanner-Editor-Pro/main/logo/山东/潍坊青州.png,地方频道,,,,none,0,,
青州综合,239.21.1.232:5002,https://raw.githubusercontent.com/sumingyd/IPTV-Scanner-Editor-Pro/main/logo/山东/潍坊青州.png,地方频道,,,,none,0,,
高密综合,239.21.2.59:5002,https://raw.githubusercontent.com/sumingyd/IPTV-Scanner-Editor-Pro/main/logo/山东/潍坊高密.png,地方频道,,,,none,0,,
招远综合,239.21.2.145:5002,https://raw.githubusercontent.com/sumingyd/IPTV-Scanner-Editor-Pro/main/logo/山东/烟台招远.png,地方频道,,,,none,0,,
海阳综合,239.21.2.64:5002,https://raw.githubusercontent.com/sumingyd/IPTV-Scanner-Editor-Pro/main/logo/山东/烟台海阳.png,地方频道,,,,none,0,,
海阳综合,239.21.2.68:5002,https://raw.githubusercontent.com/sumingyd/IPTV-Scanner-Editor-Pro/main/logo/山东/烟台海阳.png,地方频道,,,,none,0,,
海阳综艺,239.21.2.65:5002,https://raw.githubusercontent.com/sumingyd/IPTV-Scanner-Editor-Pro/main/logo/山东/烟台海阳.png,地方频道,,,,none,0,,
牟平生活,239.21.2.11:5002,https://raw.githubusercontent.com/sumingyd/IPTV-Scanner-Editor-Pro/main/logo/山东/烟台牟平.png,地方频道,,,,none,0,,
牟平综合,239.21.2.10:5002,https://raw.githubusercontent.com/sumingyd/IPTV-Scanner-Editor-Pro/main/logo/山东/烟台牟平.png,地方频道,,,,none,0,,
蓬莱综合,239.21.2.56:5002,https://raw.githubusercontent.com/sumingyd/IPTV-Scanner-Editor-Pro/main/logo/山东/烟台蓬莱.png,地方频道,,,,none,0,,
长岛综合,239.21.2.52:5002,https://raw.githubusercontent.com/sumingyd/IPTV-Scanner-Editor-Pro/main/logo/山东/烟台长岛.png,地方频道,,,,none,0,,
龙口综合,239.21.2.146:5002,https://raw.githubusercontent.com/sumingyd/IPTV-Scanner-Editor-Pro/main/logo/山东/烟台龙口.png,地方频道,,,,none,0,,
淄川新闻,239.21.1.160:5002,https://raw.githubusercontent.com/sumingyd/IPTV-Scanner-Editor-Pro/main/logo/山东/淄博淄川.png,地方频道,,,,none,0,,
惠民综合,239.21.1.181:5002,https://raw.githubusercontent.com/sumingyd/IPTV-Scanner-Editor-Pro/main/logo/山东/滨州惠民.png,地方频道,,,,none,0,,
东明综合,239.21.1.246:5002,https://raw.githubusercontent.com/sumingyd/IPTV-Scanner-Editor-Pro/main/logo/山东/菏泽东明.png,地方频道,,,,none,0,,
鄄城综合,239.21.2.141:5002,https://raw.githubusercontent.com/sumingyd/IPTV-Scanner-Editor-Pro/main/logo/山东/菏泽鄄城.png,地方频道,,,,none,0,,
长清综合,239.21.1.107:5002,https://raw.githubusercontent.com/sumingyd/IPTV-Scanner-Editor-Pro/main/logo/山东/济南长清.png,地方频道,,,,none,0,,
冠县综合,239.21.1.250:5002,https://raw.githubusercontent.com/sumingyd/IPTV-Scanner-Editor-Pro/main/logo/山东/聊城冠县.png,地方频道,,,,none,0,,
冠县综合,239.21.2.149:5002,https://raw.githubusercontent.com/sumingyd/IPTV-Scanner-Editor-Pro/main/logo/山东/聊城冠县.png,地方频道,,,,none,0,,
宁阳生活,239.21.1.144:5002,https://raw.githubusercontent.com/sumingyd/IPTV-Scanner-Editor-Pro/main/logo/山东/泰安宁阳.png,地方频道,,,,none,0,,
寿光综合,239.21.1.180:5002,https://raw.githubusercontent.com/sumingyd/IPTV-Scanner-Editor-Pro/main/logo/山东/潍坊寿光.png,地方频道,,,,none,0,,
诸城综合,239.21.1.217:5002,https://raw.githubusercontent.com/sumingyd/IPTV-Scanner-Editor-Pro/main/logo/山东/潍坊诸城.png,地方频道,,,,none,0,,
栖霞综合,239.21.1.229:5002,https://raw.githubusercontent.com/sumingyd/IPTV-Scanner-Editor-Pro/main/logo/山东/烟台栖霞.png,地方频道,,,,none,0,,
周村新闻,239.21.2.150:5002,https://raw.githubusercontent.com/sumingyd/IPTV-Scanner-Editor-Pro/main/logo/山东/淄博周村.png,地方频道,,,,none,0,,
张店综合,239.21.2.138:5002,https://raw.githubusercontent.com/sumingyd/IPTV-Scanner-Editor-Pro/main/logo/山东/淄博张店.png,地方频道,,,,none,0,,
桓台综合,239.21.1.105:5002,https://raw.githubusercontent.com/sumingyd/IPTV-Scanner-Editor-Pro/main/logo/山东/淄博桓台.png,地方频道,,,,none,0,,
沂源综合,239.21.1.114:5002,https://raw.githubusercontent.com/sumingyd/IPTV-Scanner-Editor-Pro/main/logo/山东/淄博沂源.png,地方频道,,,,none,0,,
高青综合,239.21.2.140:5002,https://raw.githubusercontent.com/sumingyd/IPTV-Scanner-Editor-Pro/main/logo/山东/淄博高青.png,地方频道,,,,none,0,,
山东综合广播,239.21.2.36:5002,https://raw.githubusercontent.com/sumingyd/IPTV-Scanner-Editor-Pro/main/logo/山东/山东综合广播.png,山东广播,,,,none,0,,
山东交通广播,239.21.2.151:5002,https://raw.githubusercontent.com/sumingyd/IPTV-Scanner-Editor-Pro/main/logo/山东/山东交通广播.png,山东广播,495807201,291,0,default,7,rtsp://150.138.8.132/PLTV/88888888/224/3221227370/495807202.smil?playseek=${(b)yyyyMMddHHmmss}-${(e)yyyyMMddHHmmss},
山东经济广播,239.21.2.148:5002,https://raw.githubusercontent.com/sumingyd/IPTV-Scanner-Editor-Pro/main/logo/山东/山东经济广播.png,山东广播,490711724,290,0,default,7,rtsp://150.138.8.132/PLTV/88888888/224/3221227366/490711725.smil?playseek=${(b)yyyyMMddHHmmss}-${(e)yyyyMMddHHmmss},
九屏,239.21.1.203:5002,https://raw.githubusercontent.com/sumingyd/IPTV-Scanner-Editor-Pro/main/logo/山东/九屏同看.png,山东广播,370005661,100000,0,default,7,rtsp://150.138.8.132/PLTV/88888888/224/3221226598/10000100000000060000000003878453_0.smil?playseek=${(b)yyyyMMddHHmmss}-${(e)yyyyMMddHHmmss},
已停用,239.21.2.26:5002,https://raw.githubusercontent.com/sumingyd/IPTV-Scanner-Editor-Pro/main/logo/山东/停用频道.png,山东广播,,,,none,0,,
